Equipo;Imagen
Betis;https://tmssl.akamaized.net/images/wappen/head/150.png?lm=1663358526
Valladolid;https://tmssl.akamaized.net/images/wappen/head/366.png?lm=1674414165
Sevilla;https://tmssl.akamaized.net/images/wappen/head/368.png?lm=1408655455
Athletic Club;https://tmssl.akamaized.net/images/wappen/head/621.png?lm=1565768743
Celta Vigo;https://tmssl.akamaized.net/images/wappen/head/940.png?lm=1406966406
Almería;https://tmssl.akamaized.net/images/wappen/head/3302.png?lm=1408654801
Real Madrid;https://tmssl.akamaized.net/images/wappen/head/418.png?lm=1580722449
Barcelona;https://tmssl.akamaized.net/images/wappen/head/131.png?lm=1406739548
Cádiz;https://tmssl.akamaized.net/images/wappen/head/2687.png?lm=1417193371
Villarreal;https://tmssl.akamaized.net/images/wappen/head/1050.png?lm=1408655310
Getafe;https://tmssl.akamaized.net/images/wappen/head/3709.png?lm=1408655116
Elche;https://tmssl.akamaized.net/images/wappen/head/1531.png?lm=1421955260
Real Sociedad;https://tmssl.akamaized.net/images/wappen/head/681.png?lm=1614795530
Valencia;https://tmssl.akamaized.net/images/wappen/head/1049.png?lm=1406966320
Mallorca;https://tmssl.akamaized.net/images/wappen/head/237.png?lm=1407484750
Girona;https://tmssl.akamaized.net/images/wappen/head/12321.png?lm=1659464404
Osasuna;https://tmssl.akamaized.net/images/wappen/head/331.png?lm=1406739464
Rayo Vallecano;https://tmssl.akamaized.net/images/wappen/head/367.png?lm=1653488445
Espanyol;https://tmssl.akamaized.net/images/wappen/head/714.png?lm=1406966369
Atlético Madrid;https://tmssl.akamaized.net/images/wappen/head/13.png?lm=1519120744
